"AU","TI","SO","PY","DE","AB"
"KANDIUK M","PROMOTING RACIAL AND ETHNIC DIVERSITY AMONG CANADIAN ACADEMIC LIBRARIANS","COLLEGE & RESEARCH LIBRARIES",2014,NA,"THIS STUDY EXAMINES RACIAL AND ETHNIC DIVERSITY AMONG CANADIAN ACADEMIC LIBRARIANS AND DISCUSSES THE FINDINGS OF A NATIONWIDE SURVEY. THE SURVEY POSED QUESTIONS RELATED TO EQUITY PLANS AND PROGRAMS AS WELL AS RECRUITMENT PRACTICES FOR ACADEMIC LIBRARIANS FROM EQUITY-SEEKING GROUPS WITH A FOCUS ON ABORIGINAL AND VISIBLE/RACIAL MINORITY LIBRARIANS. IT EXPLORED THE NEEDS AND EXPERIENCES OF ABORIGINAL AND VISIBLE/RACIAL MINORITY LIBRARIANS EMPLOYED IN CANADIAN ACADEMIC LIBRARIES BY EXAMINING QUESTIONS OF ORGANIZATIONAL CLIMATE, MENTORING, INSTITUTIONAL SUPPORT, ADVANCEMENT OPPORTUNITIES, AND THE ROLES OF LIBRARY ASSOCIATIONS. THE FINDINGS REVEAL A NEED FOR MORE DIVERSITY AWARENESS AND TRAINING AND LEADERSHIP WITH RESPECT TO DIVERSITY ON THE PART OF ACADEMIC LIBRARIES AND THE PROFESSION AT LARGE IN CANADA."
"OLDFIELD K","OUR CUTTING EDGE ISN'T CUTTING IT: WHY PUBLIC ADMINISTRATION SHOULD BE THE FIRST DISCIPLINE TO IMPLEMENT A SOCIAL CLASS-BASED AFFIRMATIVE ACTION PLAN FOR HIRING PROFESSORS","ADMINISTRATION & SOCIETY",2010,"CLASS-BASED DIVERSITY; AFFIRMATIVE ACTION; UNIVERSITY PROFESSORS","DURING THE PAST SEVERAL YEARS, VARIOUS WRITERS AND COMMENTATORS HAVE ARGUED THAT AS PART OF THEIR AFFIRMATIVE ACTION EFFORTS, UNIVERSITIES SHOULD ENROLL MORE STUDENTS OF WORKING-CLASS ORIGINS BECAUSE SOCIOECONOMIC INTEGRATION ENSURES GREATER SOCIAL EQUITY, DEMOCRACY, AND INTELLECTUAL DIVERSITY. THE PRESENT STUDY SHOWS THAT THE JUSTIFICATIONS APPLIED TO STUDENT DIVERSITY PERTAIN EQUALLY WELL TO PROFESSORS. THIS DISCUSSION PROPOSES THAT IF PUBLIC ADMINISTRATION WERE FIRST TO USE SOCIOECONOMIC STATUS-BASED AFFIRMATIVE IN FACULTY HIRING, IT WOULD PROVE THE DISCIPLINE'S WILLINGNESS TO MEET ITS SELF-IMPOSED OBLIGATION TO BE CUTTING EDGE, A PROMISE STUDIES HAVE SHOWN IT HAS YET TO FULFILL."
"TALEN E;KOSCHINSKY J","IS SUBSIDIZED HOUSING IN SUSTAINABLE NEIGHBORHOODS? EVIDENCE FROM CHICAGO","HOUSING POLICY DEBATE",2011,"LOW-INCOME HOUSING; SUSTAINABILITY; LOCATION; NEIGHBORHOOD; URBAN PLANNING","THIS ARTICLE EXPLORES THE CONNECTION BETWEEN SUBSIDIZED HOUSING AND SUSTAINABLE URBAN FORM. GIVEN THE GENERAL DISCONNECT BETWEEN NEW MARKET-RATE HOUSING IN SUSTAINABLE, WALKABLE NEIGHBORHOODS AND AFFORDABLE HOUSING OPPORTUNITIES, WE EXPECT AFFORDABLE HOUSING TO BE LOCATED IN LESS SUSTAINABLE LOCATIONS IN TERMS OF PROXIMITY TO AMENITIES, WALKABILITY, STREET CONNECTIVITY, DENSITY, AND DIVERSITY OF URBAN FORM. A RICH SET OF PARCEL AND PLANNING DATA FOR THE CITY OF CHICAGO WAS USED TO CORRELATE SUSTAINABILITY INDICATORS WITH THE LOCATIONS OF BOTH PROJECT- AND TENANT-BASED AFFORDABLE HOUSING PROGRAMS. DIFFERENCE-IN-MEANS TESTS AND OTHER DESCRIPTIVE STATISTICAL ANALYSIS SUGGEST THAT PROJECT-BASED LOCATIONS (WITH THE EXCEPTION OF CHICAGO HOUSING AUTHORITY FAMILY UNITS) ACTUALLY SCORE ABOVE AVERAGE, ESPECIALLY IN TERMS OF ACCESSIBILITY AND WALKABILITY, ALBEIT IT AT THE COST OF CONCENTRATED POVERTY, RACIAL SEGREGATION, AND CRIME. IN CONTRAST, VOUCHERS ARE LOCATED IN LESS SUSTAINABLE LOCATIONS WHEN IT COMES TO ACCESSIBILITY AND WALKABILITY, ALTHOUGH THEY ARE IN NEIGHBORHOODS WITH MORE DIVERSITY AND LESS POVERTY - AND, AT LOWER VOUCHER CONCENTRATIONS, WITH LESS SEGREGATION AND CRIME - THAN PROJECT UNITS."
"SRIVASTAVA AK","ROLE OF ELECTRONIC GOVERNANCE IN PROMOTING PARTICIPATION, TRANSPARENCY, SUSTAINING EQUITY AND FAIRNESS IN GOVERNMENT PROGRAMS","PROCEEDINGS OF 2015 INTERNATIONAL CONFERENCE ON PUBLIC ADMINISTRATION (11TH) VOL I",2015,"SERVICE QUALITY MANAGEMENT (SQM); E-GOVERNANCE; MUNICIPAL SERVICES","THE PUBLIC ADMINISTRATION IN ITS BROADEST CONNOTATIONS ENCOMPASSES TO SERVE THE PEOPLE THROUGH EFFECTIVE PLANNING AND EXECUTION OF PUBLIC POLICIES. THE CORE GUIDING PILLARS OF GOVERNMENTAL ADMINISTRATION ARE PARTICIPATION, DEMOCRATIC DECISION MAKING, TRANSPARENCY, EQUITY AND FAIRNESS IN PUBLIC POLICIES WHILE ROLLING OUT GOVERNMENTAL SCHEMES AND PROGRAMS. THE VERY REASON FOR THE ADMINISTRATION BEING IN EXISTENCE IS FOR CATERING THE NEEDS OF LARGER POPULACE. THE POLITICAL DECISION MAKERS ARE SUPPOSED TO REMAIN OBJECTIVE WHILE DECIDING THE POLICIES AND PROGRAMMES; HOWEVER THE OBJECTIVITY OR POLICY NEUTRALITY REMAINS ELUSIVE IN REAL OBSERVATION. THE SELECTIVE TREATMENT OF ELECTORATE IN DIFFERENT CONSTITUENCIES REFLECTS THE LOSS OF OBJECTIVITY AND NEGATION OF TRANSPARENCY, JUSTICE, EQUITY AND FAIRNESS IN THE SERVICE DELIVERY OF GOVERNMENTAL PROGRAMMES. THE PUBLIC SERVICES SHOULD BE PROVIDED IN THE MOST DEMOCRATIC MANNER TO THE MASSES AND EVERY EFFORT IS REQUIRED TO MAKE SURE THAT THE SERVICES DO NOT BECOME ELITIST OR PRIVILEGED CLASS CENTRIC. THE BUREAUCRACY VERY OFTEN FINDS ITSELF IN A SITUATION WHERE THE POLITICAL INFLUENCE MANDATES TO HAVE SUBJECTIVE DECISION MAKING. THE PUBLIC POLICIES ARE IN GENERAL UMBRELLA POLICIES WHICH ARE COMPREHENSIVE IN SCOPE AND INCLUDE VARIOUS STAKE HOLDERS THEREFORE THE POLICY INCLUSIVITY SHOULD BE A VIRTUE FOR ALL PUBLIC POLICIES. THE POWERFUL, THE ELITIST CONTINUE TO ENJOY THE BEST OF THE PUBLIC SERVICES BE IT HEALTH, EDUCATION, AND SECURITY AND THE MARGINALIZED, THE WEAKER REMAINS AT THE RECEIVING END WHEN IT COMES TO ACCESSING THE QUALITY GOVERNMENTAL SERVICES. THE GENERAL NEGLECT OF THE INTERESTS OF COMMON CLASSES IN THE CONDUCT OF POLITIC-ADMINISTRATIVE SYSTEMS FURTHER DETERIORATES THE QUALITY OF SERVICES BEING DELIVERED TO THEM. THE LACK OF ACCOUNTABILITY, PROPER MONITORING AND EFFECTIVE CONTROLS IN THE PLANNING AND EXECUTION OF PUBLIC PROGRAMMES IMPACTS ADVERSELY UPON QUALITY OF SERVICE DELIVERY. THE ROLE OF TECHNOLOGY IS VITAL IN REGARD TO ENSURE THAT THE SUBJECTIVE BIASES, INFORMATION CONTAINMENT, ETHICAL COMPROMISES, MORAL TURPITUDE, INEQUALITY AND UNFAIR PRACTICES ARE CURBED UP TO A GREAT EXTENT. ONE OF THE FOREMOST VIRTUES OF TECHNOLOGY IS THAT IT DOES PROMOTE THE FREE FLOW OF INFORMATION THROUGH ALL THE CHANNELS AND IT IS NEUTRAL. HOWEVER SOME REASONABLE DOUBTS ARE BEING RAISED OVER THE UTILITY AND SIGNIFICANCE OF TECHNOLOGY IN PROMOTING PARTICIPATION, TRANSPARENCY, EQUITY, FAIRNESS AND JUSTICE IN THE DELIVERY OF GOVERNMENTAL SERVICES TO THE PEOPLE SPECIALLY THE POOR AND IMPOVERISHED. THEREFORE CAUTION AND DUE DILIGENCE IS REQUIRED WHILE ADVOCATING FOR THE LARGER ROLE OF TECHNOLOGY (E-GOVERNANCE) IN STREAMLINING THE SERVICE DELIVERY PROCESSES. THE SYMMETRY BETWEEN TECHNOLOGY AND POLITICO-ADMINISTRATIVE SYSTEM CALLS FOR OVERHAULING THE ENTIRE SYSTEM OF PUBLIC SERVICE DELIVERY WITH THE INTENT OF IDENTIFYING THE CRITICAL PROBLEM AREAS AND FINDING THE PLAUSIBLE SOLUTIONS."
"PEIRCE WS","HENRY GEORGE AND JANE JACOBS ON THE SOURCES OF ECONOMIC GROWTH","AMERICAN JOURNAL OF ECONOMICS AND SOCIOLOGY",2015,NA,"HENRY GEORGE AND JANE JACOBS SHARED A REMARKABLY SIMILAR VISION OF THE ECONOMIC FUNCTIONING OF CITIES AND OF THE SOURCES OF THE ECONOMIC GROWTH OF CITIES, DESPITE HAVING DIFFERING PRIMARY OBJECTIVES. GEORGE WROTE PROGRESS AND POVERTY AND SUBSEQUENT WORKS TO PERSUADE THE PUBLIC OF THE EQUITY AND EFFICIENCY OF PUBLIC CAPTURE OF ECONOMIC RENTS OF LAND AND OTHER NATURAL RESOURCES AND ELIMINATION OF TAXES ON LABOR AND CAPITAL. JACOBS ACQUIRED FAME FOR THE DEATH AND LIFE OF GREAT AMERICAN CITIES IN WHICH SHE CHALLENGED THE PREVAILING ORTHODOXY OF THE URBAN PLANNING PROFESSION. BOTH SAW THE DENSITY AND DIVERSITY OF ECONOMIC AND CULTURAL ACTIVITIES IN CITIES AS A FACILITATOR OF INNOVATION AND ENTREPRENEURSHIP IN ALL ASPECTS OF CIVILIZATION. BOTH ALSO RECOGNIZED THE POWER OF THE PRICE SYSTEM IN COORDINATING THE ACTIVITIES OF INDEPENDENT DECISION MAKERS AND THE IMPORTANCE OF TRADE FOR ECONOMIC GROWTH."
"RIDDE V;TURCOTTE-TREMBLAY AM;SOUARES A;LOHMANN J;ZOMBRE D;KOULIDIATI JL;YAOGO M;HIEN H;HUNT M;ZONGO S;DE ALLEGRI M","PROTOCOL FOR THE PROCESS EVALUATION OF INTERVENTIONS COMBINING PERFORMANCE-BASED FINANCING WITH HEALTH EQUITY IN BURKINA FASO","IMPLEMENTATION SCIENCE",2014,"PERFORMANCE-BASED FINANCING; COMMUNITY-BASED HEALTH INSURANCE; USER FEE EXEMPTION; EQUITY; BURKINA FASO; IMPLEMENTATION STUDY; PROCESS EVALUATION; CASE STUDY METHODOLOGY; RESEARCH PROTOCOL","BACKGROUND: THE LOW QUALITY OF HEALTHCARE AND THE PRESENCE OF USER FEES IN BURKINA FASO CONTRIBUTE TO LOW UTILIZATION OF HEALTHCARE AND ELEVATED LEVELS OF MORTALITY. TO IMPROVE ACCESS TO HIGH-QUALITY HEALTHCARE AND EQUITY, NATIONAL AUTHORITIES ARE TESTING DIFFERENT INTERVENTION ARMS THAT COMBINE PERFORMANCE-BASED FINANCING WITH COMMUNITY-BASED HEALTH INSURANCE AND PRO-POOR TARGETING. THERE IS A NEED TO EVALUATE THE IMPLEMENTATION OF THESE UNIQUE APPROACHES. WE DEVELOPED A RESEARCH PROTOCOL TO ANALYZE THE CONDITIONS THAT LED TO THE EMERGENCE OF THESE INTERVENTION ARMS, THE FIDELITY BETWEEN THE ACTIVITIES INITIALLY PLANNED AND THOSE CONDUCTED, THE IMPLEMENTATION AND ADAPTATION PROCESSES, THE SUSTAINABILITY OF THE INTERVENTIONS, THE POSSIBILITIES FOR SCALING THEM UP, AND THEIR ETHICAL IMPLICATIONS. METHODS/DESIGN: THE STUDY ADOPTS A LONGITUDINAL MULTIPLE CASE STUDY DESIGN WITH SEVERAL EMBEDDED LEVELS OF ANALYSES. TO REPRESENT THE DIVERSITY OF CONTEXTS WHERE THE INTERVENTION ARMS ARE CARRIED OUT, WE WILL SELECT THREE DISTRICTS. WITHIN DISTRICTS, WE WILL SELECT BOTH PRIMARY HEALTHCARE CENTERS (N = 18) REPRESENTING DIFFERENT INTERVENTION ARMS AND THE DISTRICT OR REGIONAL HOSPITAL (N = 3). WE WILL SELECT CONTRASTED CASES IN RELATION TO THEIR INITIAL PERFORMANCE (GOOD, FAIR, POOR). OVER A PERIOD OF 18 MONTHS, WE WILL USE QUANTITATIVE AND QUALITATIVE DATA COLLECTION AND ANALYTICAL TOOLS TO STUDY THESE CASES INCLUDING IN-DEPTH INTERVIEWS, PARTICIPATORY OBSERVATION, RESEARCH DIARIES, AND QUESTIONNAIRES. WE WILL GIVE MORE WEIGHT TO QUALITATIVE METHODS COMPARED TO QUANTITATIVE METHODS. DISCUSSION: PERFORMANCE-BASED FINANCING IS EXPANDING RAPIDLY ACROSS LOW-AND MIDDLE-INCOME COUNTRIES. THE RESULTS OF THIS STUDY WILL ENABLE RESEARCHERS AND DECISION MAKERS TO GAIN A BETTER UNDERSTANDING OF THE FACTORS THAT CAN INFLUENCE THE IMPLEMENTATION AND THE SUSTAINABILITY OF COMPLEX INTERVENTIONS AIMING TO INCREASE HEALTHCARE QUALITY AS WELL AS EQUITY."
"AMES T","MULTISPECIES COASTAL SHELF RECOVERY PLAN: A COLLABORATIVE, ECOSYSTEM-BASED APPROACH","MARINE AND COASTAL FISHERIES",2010,NA,"THIS ARTICLE EXPLAINS THE INTEGRATION OF AN ECOSYSTEM INTO A COLLABORATIVE MANAGEMENT PLAN TO RESTORE NEW ENGLAND'S DEPLETED MULTISPECIES GROUNDFISH STOCKS AND DECIMATED COASTAL FISHERY. APPLYING LESSONS LEARNED FROM MAINE'S SUCCESSFUL FISHERY FOR LOBSTERS HOMARUS AMERICANUS, THE DOWNEAST GROUNDFISH INITIATIVE (AN ECLECTIC GROUP OF FISHERMEN, SCIENTISTS, AND CONCERNED INDIVIDUALS) CREATED A NEW GROUNDFISH MANAGEMENT APPROACH DESIGNED TO NEST SEAMLESSLY WITHIN EXISTING FEDERAL AND STATE MANAGEMENT SYSTEMS AND BE COMPATIBLE WITH A TOTAL ALLOWABLE CATCH (TAC) APPROACH, THOUGH IT DOES NOT REQUIRE TAC AS THE PRIMARY MANAGEMENT TOOL. THE PLAN RESOLVES FINE-SCALE ISSUES AFFECTING THE FISHERY'S BIOLOGICAL PRODUCTIVITY AND ADDRESSES THE ECONOMIC, SOCIAL, AND CULTURAL FACTORS CONFRONTING FISHING COMMUNITIES. THE INADEQUACY OF SYSTEMWIDE ASSESSMENTS IN DETECTING LOCAL CHANGES IN MARINE ECOSYSTEMS LED TO THE CREATION OF SMALLER, CONTIGUOUS COASTAL SHELF MANAGEMENT UNITS EACH OF WHICH ENCOMPASSES THE SUBPOPULATION OF A KEY SPECIES SUCH AS ATLANTIC COD GADUS MORHUA. EACH UNIT WOULD HAVE AN INSHORE CORE LAYER ENCOMPASSING THE SPECIES' SPAWNING GROUNDS AND NURSERY HABITATS WHILE PROVIDING A LIMITED, SMALL-SCALE FISHERY FOR LOCAL FISHERMEN USING SELECTIVE, HABITAT-FRIENDLY GEAR. A BUFFER LAYER OUTSIDE THE CORE AREA THAT BRACKETS COASTAL SHELF MIGRATION ROUTES WOULD ALSO SUPPORT A FISHERY USING ALL LEGAL GEAR TYPES BUT WITH CONSTRAINTS, AND AN OUTER LAYER WOULD PROVIDE A FISHERY OPERATING UNDER CURRENT FEDERAL REGULATIONS. THE CORE AND BUFFER AREAS WOULD BE COLLABORATIVELY MANAGED TO ENHANCE LOCAL STOCK RECOVERY BY LOCAL ADVISORY COUNCILS OF FISHERMEN FUNCTIONING UNDER STATE ADMINISTRATION AND REGIONAL COUNCIL OVERSIGHT. THE COASTAL SHELF PLAN SYNCHRONIZES THE NEEDS OF COASTAL ECOSYSTEMS AND FISHERMEN BY RESTORING SPECIES DIVERSITY AND PROTECTING CRITICAL HABITATS WHILE REBUILDING COMMERCIAL STOCKS. THE APPROACH CAN CREATE ROBUST, SUSTAINABLE FISHERIES FOR ALL USER GROUPS, RESOLVE EQUITY ISSUES AMONG FISHERMEN, AND REVITALIZE THE ECONOMIES OF FISHING COMMUNITIES OF ALL SIZES."
"TALEN E","SPRAWL RETROFIT: SUSTAINABLE URBAN FORM IN UNSUSTAINABLE PLACES","ENVIRONMENT AND PLANNING B-PLANNING & DESIGN",2011,NA,"THIS PAPER MAKES A CONTRIBUTION TO THE SUBURBAN RETROFIT/SPRAWL REPAIR LITERATURE BY SUGGESTING A METHOD THAT PLANNERS CAN USE TO EVALUATE THE POTENTIAL OF SOME PLACES TO BE CATALYSTS FOR AN IMPROVED MORE SUSTAINABLE URBAN FORM. THE STRATEGY IS AIMED AT EVALUATING AND THEN PROMOTING SUSTAINABLE URBAN FORM IN UNSUSTAINABLE PLACES. THE METHOD PUTS SPRAWL RETROFIT PROJECTS INTO A LARGER PLANNING FRAMEWORK, SUGGESTING WAYS TO EVALUATE THE STRENGTHS AND WEAKNESSES OF PLACES IN RELATIVE TERMS, TAKING INTO ACCOUNT HOW DIFFERENT KINDS OF NODES-FROM LIGHT RAIL STOPS TO PARKING LOTS-VARYING WITH RESPECT TO SUSTAINABLE URBAN FORM CHARACTERISTICS. OVERLAYING DATA ON ACCESSIBILITY, DENSITY, DIVERSITY, AND CONNECTIVITY REVEALS AREAS WITH VARYING LEVELS OF SUSTAINABLE URBAN FORM. INTERVENTION IN POTENTIAL RETROFIT LOCATIONS CONSISTS OF NEIGHBORHOOD AND SITE-SCALE DESIGN, INCLUDING SUGGESTIONS FOR CODE REFORM, INTENSIFICATION OF LAND USE AROUND NODES, PUBLIC INVESTMENT IN CIVIC SPACE, TRAFFIC CALMING, AND INCENTIVES FOR PRIVATE DEVELOPMENT."
"SUDITU B;NAE M;NEGUT S;GHEORGHILAS A","RESPONSIBILITIES AND LIMITS OF LOCAL GOVERNMENT ACTIONS AGAINST USERS OF PUBLIC SERVICES OF PLANNING AND SUSTAINABLE TERRITORIAL DEVELOPMENT IN ROMANIA","AMFITEATRU ECONOMIC",2014,"SUSTAINABLE DEVELOPMENT; SOCIAL RESPONSIBILITIES OF THE PUBLIC AUTHORITIES; USERS; QUALITY OF LIFE; ADMINISTRATIVE-TERRITORIAL STRUCTURES; LOCAL BUDGETS","IN THE CONTEXT OF THE CHANGES THAT HAVE OCCURRED IN THE ROMANIAN SOCIETY, THE PUBLIC AUTHORITIES ARE REQUIRED TO PLAY A COORDINATING ROLE IN PROVIDING THE FRAMEWORK FOR A SUSTAINABLE AND BALANCED DEVELOPMENT OF THE NATIONAL TERRITORY, AND TO ENSURE THE QUALITY OF LIFE OF THE CITIZENS. IN ORDER TO ACHIEVE THESE GOALS OF SOCIAL RESPONSIBILITY, THE PUBLIC ADMINISTRATION AUTHORITIES MUST BUILD AND ADAPT THE TOOLS OF PUBLIC TERRITORIAL ACTION BASED ON THEIR SPECIFICITY AND WITHIN THE EXISTING LEGAL FRAMEWORK AND RESOURCES,. THUS, THE STUDY SHOWS THE NATIONAL AND EUROPEAN CONTEXT THAT FRAMES THE ACTIONS OF PUBLIC ADMINISTRATION FOR WHAT CONCERNS THE SUSTAINABLE TERRITORIAL DEVELOPMENT. IT ANALYZES THE CHARACTERISTICS OF ADMINISTRATIVE- TERRITORIAL STRUCTURES OF ROMANIA, HIGHLIGHTING THEIR SOCIO- DEMOGRAPHIC DIVERSITY AND THE TERRITORIAL FORMS OF INSTITUTIONAL COOPERATION. THE APPROACH OF THESE ISSUES IS BASED IN THE FIRST INSTANCE ON AN ANALYSIS OF THE EUROPEAN STRATEGIC DOCUMENTS IN THE FIELD, AS WELL AS ON THE NATIONAL REGULATIONS CONCERNING THE ORGANIZATION AND FUNCTIONING OF PUBLIC ADMINISTRATION AND TERRITORIAL PLANNING. THE IMPLEMENTATION OF DECENTRALIZATION AND LOCAL PUBLIC AUTONOMY HAS LED TO THE CAPITALIZATION OF THE LOCAL POTENTIAL OF SOME ADMINISTRATIVE DIVISIONS AND CAUSED A COMPETITION AND A DIFFICULT COOPERATION BETWEEN THEM. BY ANALOGY WITH THE PROVISIONS OF THE QUALITY STANDARDS REGARDING THE RESPONSIBILITIES OF THE ORGANIZATIONS TOWARDS CUSTOMERS, THE STUDY ILLUSTRATES AND ANALYZES THE RESPONSIBILITIES AND LIMITS OF PUBLIC ADMINISTRATION AUTHORITIES IN PROMOTING SUSTAINABLE DEVELOPMENT, TERRITORIAL EQUITY AND THE QUALITY OF LIFE FOR THE USERS OF PUBLIC SERVICES, I.E. THE COMMUNITY MEMBERS."
"SOVA C;VERVOORT J;THORNTON T;HELFGOTT A;MATTHEWS D;CHAUDHURY A","EXPLORING FARMER PREFERENCE SHAPING IN INTERNATIONAL AGRICULTURAL CLIMATE CHANGE ADAPTATION REGIMES","ENVIRONMENTAL SCIENCE & POLICY",2015,"CLIMATE CHANGE; AGRICULTURE; ADAPTATION; POWER-OVER; PREFERENCE SHAPING; NATIONAL ADAPTATION PLANS","QUESTIONS OF EQUITY, JUSTICE, AND FAIRNESS IN THE INTERNATIONAL AGRICULTURAL ADAPTATION REGIME HAVE EMERGED IN RECENT YEARS, PROMPTING INTEREST IN REGIME POWER DYNAMICS. HERE, A THREE-DIMENSIONAL CONCEPTUAL FRAMEWORK OF 'POWER AS DOMINATION' IS APPLIED TO THE UNFCCC ADAPTATION REGIME. WE ARGUE THAT THIS 'POWER-OVER' FRAMING IS AN IMPORTANT LENS THROUGH WHICH TO VIEW ADAPTATION, A FIELD DOMINATED BY 'POWER-TO', CAPACITY-BASED CONSTRUCTS. THE FRAMEWORK DISTINGUISHES BETWEEN POWER-OVER MANIFESTING THROUGH DECISION-MAKING, AGENDA SETTING AND PREFERENCE SHAPING. THROUGH A LITERATURE REVIEW WE DEMONSTRATE THAT FIRST AND SECOND DIMENSION BEHAVIORAL VIEWS OF POWER-OVER FAIL TO ACCOUNT FOR THE SUBTLE WAYS IN WHICH THE INTERESTS AND PREFERENCES OF SMALLHOLDER FARMERS ARE UNKNOWINGLY SHAPED AND RESTRICTED WITHIN THE REGIME. POTENTIAL SOURCES OF THIRD DIMENSION PREFERENCE SHAPING POWER ARE EXPLORED IN A SURVEY WITH HIGH-LEVEL DECISION MAKERS INVOLVED IN NATIONAL ADAPTATION PLANS (NAP) DEVELOPMENT IN SEVEN COUNTRIES. THE RESULTS SUGGEST THAT SEVERAL INTER-RELATED FEATURES OF THE INTERNATIONAL AGRICULTURE ADAPTATION REGIME COLLECTIVELY CONTRIBUTE TO THE SHAPING OF INTERESTS AND PREFERENCES OF SMALLHOLDERS: PREVAILING DISCOURSES OF UNCERTAINTY AND THE PERCEIVED LIMITED CAPACITY OF SMALLHOLDERS; THE RESULTING PRIVILEGED STATUS OF 'EXPERT' DECISION MAKERS; THE PREDOMINANCE OF NEOLIBERAL DEVELOPMENT RATIONALITIES; AND SYSTEMIC BIASES RESULTING FROM THE NATION STATE AS THE PRINCIPLE UNIT OF UNFCCC NEGOTIATION. THESE FORCES LIE BEYOND THE EXPLANATORY SCOPE OF FIRST AND SECOND DIMENSIONS OF POWER-OVER AND HELP TO EXPLAIN WHY STAKEHOLDER ENGAGEMENT IN ADAPTATION DECISION MAKING REMAINS SUPERFICIAL IN NATURE AND WHY ADAPTATION RESPONSES IN AGRICULTURE CAN BE CONSIDERED 'COMMON AND NON-DIFFERENTIATED'. WE ARGUE FOR INCREASED AWARENESS OF THIRD DIMENSION MANIFESTATIONS AND IMPACTS OF POWER IN ADAPTATION LITERATURE TO FACILITATE THE IMPROVED PARTICIPATION OF MARGINALIZED STAKEHOLDERS IN UNFCCC AND DOMESTIC ADAPTATION DECISION MAKING FORUMS, TO INCREASE THE DIVERSITY OF ADAPTATION OPTIONS AVAILABLE TO SMALLHOLDERS, AND ULTIMATELY, TO IMPROVE THE ATTRIBUTION OF RESPONSIBILITY FOR ADAPTATION OUTCOMES. (C) 2015 ELSEVIER LTD. ALL RIGHTS RESERVED."
"WOYSHNER C","""NO UNFAVORABLE COMMENTS FROM ANY QUARTER"": TEACHING BLACK HISTORY TO WHITE STUDENTS IN THE AMERICAN SOUTH, 1928-1943","TEACHERS COLLEGE RECORD",2012,NA,"BACKGROUND/CONTEXT: THE HISTORY CURRICULUM IS OFTEN USED TO HELP REACH THE GOAL OF RACIAL TOLERANCE AND UNDERSTANDING BY TEACHING ABOUT THE NATION'S DIVERSITY. MANY EDUCATORS BELIEVE THAT TEACHING ABOUT DIVERSE PEOPLES IN SCHOOLS WILL BRING ABOUT GREATER EQUITY IN SOCIETY. THIS HISTORICAL STUDY LOOKS AT THE SEGREGATED AMERICAN SOUTH FROM 1928 TO 1943 AND AN EFFORT BY A MIXED-RACE VOLUNTARY ORGANIZATION TO TEACH BLACK HISTORY IN WHITE SCHOOLS. FOCUS OF STUDY: THIS STUDY EXAMINES THE EFFORTS OF THE COMMISSION ON INTERRACIAL COOPERATION (CIC), BEGINNING IN 1928, TO PROMOTE THE TEACHING OF BLACK HISTORY IN SOUTHERN SEGREGATED SCHOOLS IN AN EFFORT TO BRING ABOUT GREATER RACIAL TOLERANCE AND AWARENESS. THE CIC CIRCULATED A BOOKLET, WHICH WAS A SHORT HISTORY OF AFRICAN AMERICANS TITLED ""AMERICA'S TENTH MAN,"" AND INVITED SCHOOLS TO SUBMIT ESSAYS ON BLACK HISTORY FOR CASH PRIZES. THE CONTESTS RAN FROM 1928 UNTIL 1943, WHEN THE CIC WAS RENAMED THE SOUTHERN REGIONAL COUNCIL, WHICH REFLECTED A CHANGE IN THE ORGANIZATION'S EMPHASIS ON REGIONAL PLANNING. RESEARCH DESIGN: THIS IS A HISTORICAL EXAMINATION OF TEACHING BLACK HISTORY IN SEGREGATED SCHOOLS. THE AUTHOR RELIES ON PRIMARY SOURCES-INCLUDING TEACHERS' REPORTS, CORRESPONDENCE, AND STUDENTS' PROJECTS-AND SECONDARY STUDIES IN THE HISTORY OF EDUCATION AND THE CURRICULUM. CONCLUSIONS: BY CHALLENGING HISTORIANS' VIEWS OF THE CIC-THAT THE ORGANIZATION WAS LARGELY INEFFECTUAL AND THAT ITS TENTH MAN CONTESTS DID NOT RESULT IN ANY MEASUREABLE IMPROVEMENT IN RACE RELATIONS IN THE SOUTH-THE AUTHOR RAISES QUESTIONS ABOUT THE IMPLEMENTATION OF BLACK HISTORY CURRICULA IN ORDER TO INFLUENCE STUDENTS' BEHAVIOR AND ATTITUDES ABOUT RACE. LIKEWISE, THE AUTHOR SHOWS HOW WHITE TEACHERS WERE OUTSPOKEN ACTIVISTS FOR BLACK HISTORY IN SCHOOLS. THE STUDY CONCLUDES THAT THE TEACHING OF BLACK HISTORY TO WHITE STUDENTS WAS NOT UNIFORM AND WAS IDEOLOGICALLY DIVERSE."
"WOYSHNER C","""NO UNFAVORABLE COMMENTS FROM ANY QUARTER"": TEACHING BLACK HISTORY TO WHITE STUDENTS IN THE AMERICAN SOUTH, 1928-1943","TEACHERS COLLEGE RECORD",2012,NA,"BACKGROUND/CONTEXT: THE HISTORY CURRICULUM IS OFTEN USED TO HELP REACH THE GOAL OF RACIAL TOLERANCE AND UNDERSTANDING BY TEACHING ABOUT THE NATION'S DIVERSITY. MANY EDUCATORS BELIEVE THAT TEACHING ABOUT DIVERSE PEOPLES IN SCHOOLS WILL BRING ABOUT GREATER EQUITY IN SOCIETY. THIS HISTORICAL STUDY LOOKS AT THE SEGREGATED AMERICAN SOUTH FROM 1928 TO 1943 AND AN EFFORT BY A MIXED-RACE VOLUNTARY ORGANIZATION TO TEACH BLACK HISTORY IN WHITE SCHOOLS. FOCUS OF STUDY: THIS STUDY EXAMINES THE EFFORTS OF THE COMMISSION ON INTERRACIAL COOPERATION (CIC), BEGINNING IN 1928, TO PROMOTE THE TEACHING OF BLACK HISTORY IN SOUTHERN SEGREGATED SCHOOLS IN AN EFFORT TO BRING ABOUT GREATER RACIAL TOLERANCE AND AWARENESS. THE CIC CIRCULATED A BOOKLET, WHICH WAS A SHORT HISTORY OF AFRICAN AMERICANS TITLED ""AMERICA'S TENTH MAN,"" AND INVITED SCHOOLS TO SUBMIT ESSAYS ON BLACK HISTORY FOR CASH PRIZES. THE CONTESTS RAN FROM 1928 UNTIL 1943, WHEN THE CIC WAS RENAMED THE SOUTHERN REGIONAL COUNCIL, WHICH REFLECTED A CHANGE IN THE ORGANIZATION'S EMPHASIS ON REGIONAL PLANNING. RESEARCH DESIGN: THIS IS A HISTORICAL EXAMINATION OF TEACHING BLACK HISTORY IN SEGREGATED SCHOOLS. THE AUTHOR RELIES ON PRIMARY SOURCES-INCLUDING TEACHERS' REPORTS, CORRESPONDENCE, AND STUDENTS' PROJECTS-AND SECONDARY STUDIES IN THE HISTORY OF EDUCATION AND THE CURRICULUM. CONCLUSIONS: BY CHALLENGING HISTORIANS' VIEWS OF THE CIC-THAT THE ORGANIZATION WAS LARGELY INEFFECTUAL AND THAT ITS TENTH MAN CONTESTS DID NOT RESULT IN ANY MEASUREABLE IMPROVEMENT IN RACE RELATIONS IN THE SOUTH-THE AUTHOR RAISES QUESTIONS ABOUT THE IMPLEMENTATION OF BLACK HISTORY CURRICULA IN ORDER TO INFLUENCE STUDENTS' BEHAVIOR AND ATTITUDES ABOUT RACE. LIKEWISE, THE AUTHOR SHOWS HOW WHITE TEACHERS WERE OUTSPOKEN ACTIVISTS FOR BLACK HISTORY IN SCHOOLS. THE STUDY CONCLUDES THAT THE TEACHING OF BLACK HISTORY TO WHITE STUDENTS WAS NOT UNIFORM AND WAS IDEOLOGICALLY DIVERSE."
"MEIRING D;BUCKETT A","BEST PRACTICE GUIDELINES FOR THE USE OF THE ASSESSMENT CENTRE METHOD IN SOUTH AFRICA (5TH EDITION)","SA JOURNAL OF INDUSTRIAL PSYCHOLOGY",2016,NA,"ORIENTATION: ASSESSMENT CENTRES (ACS) HAVE A LONG AND SUCCESSFUL TRACK RECORD IN SOUTH-AFRICA WHEN USED FOR SELECTION AND DEVELOPMENT PURPOSES. THE POPULARITY OF THE APPROACH IS MAINLY ATTRIBUTABLE TO THE ACS' NUMEROUS STRENGTHS, WHICH INCLUDE THE PERCEIVED FAIRNESS, PRACTICAL UTILITY AND STRONG ASSOCIATIONS WITH ON-THE-JOB PERFORMANCE. TO MAINTAIN THE INTEGRITY OF THE AC, IT IS IMPORTANT FOR PRACTITIONERS AND DECISION MAKERS TO APPLY THE METHOD IN A CONSISTENT AND STANDARDISED MANNER. RESEARCH PURPOSE: THE PURPOSE OF THE REPORT IS TO PROVIDE PRACTITIONERS AND DECISION MAKERS WITH PRACTICAL GUIDELINES AND CONCRETE PROCEDURES WHEN USING ACS AS PART OF THE ORGANISATION'S HUMAN RESOURCE MANAGEMENT STRATEGY. MOTIVATION FOR THE STUDY: THE PAST DECADE HAS SEEN SIGNIFICANT ADVANCES IN THE SCIENCE AND PRACTICE OF ACS. NOW IN ITS FIFTH EDITION, THE REVISED GUIDELINES SEEK TO PROVIDE IMPORTANT INFORMATION TO PRACTITIONERS AND DECISION MAKERS ON A NUMBER OF FACTORS WHEN USED IN CONJUNCTION WITH THE AC METHOD, NAMELY, TECHNOLOGY, VALIDATION, LEGISLATION, ETHICS AND CULTURE. MAIN FINDINGS: THE GUIDELINES PROVIDE SPECIFIC SUGGESTIONS AND RECOMMENDATIONS FOR USING TECHNOLOGY AS PART OF THE MANNER OF DELIVERY. ISSUES OF CULTURE, DIVERSITY AND REPRESENTATION ARE-ALSO DISCUSSED. NEW FEATURES OF THE GUIDELINES INCLUDE MORE CONCRETE GUIDANCE ON HOW TO CONDUCT A VALIDATION STUDY AS WELL AS UNPACKING SEVERAL ETHICAL DILEMMAS THAT PRACTITIONERS MAY ENCOUNTER. OF CRITICAL IMPORTANCE IS A POSITION STATEMENT ON THE USE OF ACS IN RELATION TO-NEW LEGISLATION (EMPLOYMENT EQUITY AMENDMENT ACT, SECTION 8, CLAUSE D) PERTAINING TO PSYCHOMETRIC TESTING. PRACTICAL/MANAGERIAL IMPLICATIONS: THE GUIDELINES SERVE AS A BENCHMARK OF BEST PRACTICE FOR PRACTITIONERS AND DECISION MAKERS WHO INTEND ON, OR ARE CURRENTLY, USING ACS IN THEIR ORGANISATIONS. CONTRIBUTION/VALUE-ADD: IN THE ABSENCE OF FORMAL STANDARDS GOVERNING THE USE OF ACS IN SOUTH AFRICA, THE GUIDELINES PROVIDE AN IMPORTANT STEP TOWARDS ESTABLISHING STANDARDISATION IN THE USE OF THE AC METHOD. THE GUIDELINES PROVIDE (1) GUIDANCE TO INDUSTRIAL AND ORGANISATIONAL PSYCHOLOGISTS, ORGANISATIONAL CONSULTANTS, HUMAN RESOURCE MANAGEMENT SPECIALISTS, GENERALISTS AND THE DEPARTMENT OF LABOUR, AND OTHERS DESIGNING AND CONDUCTING ACS; (2) INFORMATION TO MANAGERS DECIDING WHETHER TO INTRODUCE AC METHODS; (3) INSTRUCTIONS TO ASSESSORS TAKING PART IN THE AC; (4) GUIDANCE ON THE USE OF TECHNOLOGY AND NAVIGATING DIVERSE CULTURAL CONTEXTS; AND (5) A REFERENCE FOR PROFESSIONALS ON BEST PRACTICE CONSIDERATIONS IN THE USE OF THE AC METHOD."
